Year,Volcanoes,Akagera,Nyungwe,Total_Visits,Total_International_Tourists,Tourism_Efficiency_Score
2015,20211,23412,9021,52644,221000,0.23820814479638008
2016,21456,24788,9867,56111,230500,0.24343167028199567
2017,22478,26190,10678,59346,241000,0.24624896265560167
2018,23654,27843,11645,63142,252000,0.25056349206349204
2019,24877,29674,12789,67340,259500,0.2594990366088632
2020,26540,31233,13954,71727,267500,0.26813831775700936
